respondent,dept,n,dept_en,dept_fr
Number of employees,000,384,,
Number of respondents,000,175,,
Number of staffing advisors,000,2,,
Number of managers or supervisors,000,56,,
"Number of managers who hired or attempted to hire an indeterminate or term employee between January 1 and December 31, 2017",000,30,,
Number of employees,002,22223,Employment and Social Development Canada,Emploi et Développement social Canada
Number of respondents,002,10885,Employment and Social Development Canada,Emploi et Développement social Canada
Number of staffing advisors,002,57,Employment and Social Development Canada,Emploi et Développement social Canada
Number of managers or supervisors,002,2174,Employment and Social Development Canada,Emploi et Développement social Canada
"Number of managers who hired or attempted to hire an indeterminate or term employee between January 1 and December 31, 2017",002,967,Employment and Social Development Canada,Emploi et Développement social Canada
Number of employees,003,24553,Department of National Defence,Ministère de la Défense nationale
Number of respondents,003,10997,Department of National Defence,Ministère de la Défense nationale
Number of staffing advisors,003,94,Department of National Defence,Ministère de la Défense nationale
Number of managers or supervisors,003,3841,Department of National Defence,Ministère de la Défense nationale
"Number of managers who hired or attempted to hire an indeterminate or term employee between January 1 and December 31, 2017",003,1724,Department of National Defence,Ministère de la Défense nationale
Number of employees,004,17105,Correctional Service Canada,Service correctionnel Canada
Number of respondents,004,5188,Correctional Service Canada,Service correctionnel Canada
Number of staffing advisors,004,32,Correctional Service Canada,Service correctionnel Canada
Number of managers or supervisors,004,1232,Correctional Service Canada,Service correctionnel Canada
"Number of managers who hired or attempted to hire an indeterminate or term employee between January 1 and December 31, 2017",004,495,Correctional Service Canada,Service correctionnel Canada
Number of employees,005,10605,Fisheries and Oceans Canada,Pêches et Océans Canada
Number of respondents,005,3720,Fisheries and Oceans Canada,Pêches et Océans Canada
Number of staffing advisors,005,51,Fisheries and Oceans Canada,Pêches et Océans Canada
Number of managers or supervisors,005,1312,Fisheries and Oceans Canada,Pêches et Océans Canada
"Number of managers who hired or attempted to hire an indeterminate or term employee between January 1 and December 31, 2017",005,575,Fisheries and Oceans Canada,Pêches et Océans Canada
Number of employees,006,8170,Health Canada,Santé Canada
Number of respondents,006,3737,Health Canada,Santé Canada
Number of staffing advisors,006,43,Health Canada,Santé Canada
Number of managers or supervisors,006,1087,Health Canada,Santé Canada
"Number of managers who hired or attempted to hire an indeterminate or term employee between January 1 and December 31, 2017",006,542,Health Canada,Santé Canada
Number of employees,007,12563,Public Services and Procurement Canada,Services publics et Approvisionnement Canada
Number of respondents,007,6175,Public Services and Procurement Canada,Services publics et Approvisionnement Canada
Number of staffing advisors,007,52,Public Services and Procurement Canada,Services publics et Approvisionnement Canada
Number of managers or supervisors,007,1925,Public Services and Procurement Canada,Services publics et Approvisionnement Canada
"Number of managers who hired or attempted to hire an indeterminate or term employee between January 1 and December 31, 2017",007,827,Public Services and Procurement Canada,Services publics et Approvisionnement Canada
Number of employees,008,4953,Statistics Canada,Statistique Canada
Number of respondents,008,2776,Statistics Canada,Statistique Canada
Number of staffing advisors,008,19,Statistics Canada,Statistique Canada
Number of managers or supervisors,008,1136,Statistics Canada,Statistique Canada
"Number of managers who hired or attempted to hire an indeterminate or term employee between January 1 and December 31, 2017",008,407,Statistics Canada,Statistique Canada
Number of employees,009,4742,Agriculture and Agri-Food Canada,Agriculture et Agroalimentaire Canada
Number of respondents,009,2143,Agriculture and Agri-Food Canada,Agriculture et Agroalimentaire Canada
Number of staffing advisors,009,25,Agriculture and Agri-Food Canada,Agriculture et Agroalimentaire Canada
Number of managers or supervisors,009,716,Agriculture and Agri-Food Canada,Agriculture et Agroalimentaire Canada
"Number of managers who hired or attempted to hire an indeterminate or term employee between January 1 and December 31, 2017",009,330,Agriculture and Agri-Food Canada,Agriculture et Agroalimentaire Canada
Number of employees,010,4388,"Innovation, Science and Economic Development Canada","Innovation, Sciences et Développement économique Canada"
Number of respondents,010,2181,"Innovation, Science and Economic Development Canada","Innovation, Sciences et Développement économique Canada"
Number of staffing advisors,010,29,"Innovation, Science and Economic Development Canada","Innovation, Sciences et Développement économique Canada"
Number of managers or supervisors,010,604,"Innovation, Science and Economic Development Canada","Innovation, Sciences et Développement économique Canada"
"Number of managers who hired or attempted to hire an indeterminate or term employee between January 1 and December 31, 2017",010,305,"Innovation, Science and Economic Development Canada","Innovation, Sciences et Développement économique Canada"
Number of employees,011,5934,Environment and Climate Change Canada,Environnement et Changement climatique Canada
Number of respondents,011,2795,Environment and Climate Change Canada,Environnement et Changement climatique Canada
Number of staffing advisors,011,21,Environment and Climate Change Canada,Environnement et Changement climatique Canada
Number of managers or supervisors,011,974,Environment and Climate Change Canada,Environnement et Changement climatique Canada
"Number of managers who hired or attempted to hire an indeterminate or term employee between January 1 and December 31, 2017",011,455,Environment and Climate Change Canada,Environnement et Changement climatique Canada
Number of employees,012,4889,Transport Canada,Transports Canada
Number of respondents,012,2395,Transport Canada,Transports Canada
Number of staffing advisors,012,26,Transport Canada,Transports Canada
Number of managers or supervisors,012,700,Transport Canada,Transports Canada
"Number of managers who hired or attempted to hire an indeterminate or term employee between January 1 and December 31, 2017",012,378,Transport Canada,Transports Canada
Number of employees,013,5885,"Immigration, Refugees and Citizenship Canada","Immigration, Réfugiés et Citoyenneté Canada"
Number of respondents,013,2788,"Immigration, Refugees and Citizenship Canada","Immigration, Réfugiés et Citoyenneté Canada"
Number of staffing advisors,013,25,"Immigration, Refugees and Citizenship Canada","Immigration, Réfugiés et Citoyenneté Canada"
Number of managers or supervisors,013,651,"Immigration, Refugees and Citizenship Canada","Immigration, Réfugiés et Citoyenneté Canada"
"Number of managers who hired or attempted to hire an indeterminate or term employee between January 1 and December 31, 2017",013,306,"Immigration, Refugees and Citizenship Canada","Immigration, Réfugiés et Citoyenneté Canada"
Number of employees,014,5392,Global Affairs Canada,Affaires mondiales Canada
Number of respondents,014,2545,Global Affairs Canada,Affaires mondiales Canada
Number of staffing advisors,014,22,Global Affairs Canada,Affaires mondiales Canada
Number of managers or supervisors,014,1038,Global Affairs Canada,Affaires mondiales Canada
"Number of managers who hired or attempted to hire an indeterminate or term employee between January 1 and December 31, 2017",014,478,Global Affairs Canada,Affaires mondiales Canada
Number of employees,015,3810,Natural Resources Canada,Ressources naturelles Canada
Number of respondents,015,1689,Natural Resources Canada,Ressources naturelles Canada
Number of staffing advisors,015,15,Natural Resources Canada,Ressources naturelles Canada
Number of managers or supervisors,015,534,Natural Resources Canada,Ressources naturelles Canada
"Number of managers who hired or attempted to hire an indeterminate or term employee between January 1 and December 31, 2017",015,271,Natural Resources Canada,Ressources naturelles Canada
Number of employees,016,9239,Royal Canadian Mounted Police,Gendarmerie royale du Canada
Number of respondents,016,4270,Royal Canadian Mounted Police,Gendarmerie royale du Canada
Number of staffing advisors,016,46,Royal Canadian Mounted Police,Gendarmerie royale du Canada
Number of managers or supervisors,016,1557,Royal Canadian Mounted Police,Gendarmerie royale du Canada
"Number of managers who hired or attempted to hire an indeterminate or term employee between January 1 and December 31, 2017",016,707,Royal Canadian Mounted Police,Gendarmerie royale du Canada
Number of employees,017,5085,Indigenous and Northern Affairs Canada,Affaires autochtones et du Nord Canada
Number of respondents,017,2132,Indigenous and Northern Affairs Canada,Affaires autochtones et du Nord Canada
Number of staffing advisors,017,27,Indigenous and Northern Affairs Canada,Affaires autochtones et du Nord Canada
Number of managers or supervisors,017,740,Indigenous and Northern Affairs Canada,Affaires autochtones et du Nord Canada
"Number of managers who hired or attempted to hire an indeterminate or term employee between January 1 and December 31, 2017",017,402,Indigenous and Northern Affairs Canada,Affaires autochtones et du Nord Canada
Number of employees,018,2572,Veterans Affairs Canada,Anciens Combattants Canada
Number of respondents,018,1347,Veterans Affairs Canada,Anciens Combattants Canada
Number of staffing advisors,018,14,Veterans Affairs Canada,Anciens Combattants Canada
Number of managers or supervisors,018,335,Veterans Affairs Canada,Anciens Combattants Canada
"Number of managers who hired or attempted to hire an indeterminate or term employee between January 1 and December 31, 2017",018,145,Veterans Affairs Canada,Anciens Combattants Canada
Number of employees,019,4150,Department of Justice Canada,Ministère de la Justice Canada
Number of respondents,019,1895,Department of Justice Canada,Ministère de la Justice Canada
Number of staffing advisors,019,23,Department of Justice Canada,Ministère de la Justice Canada
Number of managers or supervisors,019,358,Department of Justice Canada,Ministère de la Justice Canada
"Number of managers who hired or attempted to hire an indeterminate or term employee between January 1 and December 31, 2017",019,191,Department of Justice Canada,Ministère de la Justice Canada
Number of employees,020,1635,Canadian Heritage,Patrimoine canadien
Number of respondents,020,778,Canadian Heritage,Patrimoine canadien
Number of staffing advisors,020,7,Canadian Heritage,Patrimoine canadien
Number of managers or supervisors,020,279,Canadian Heritage,Patrimoine canadien
"Number of managers who hired or attempted to hire an indeterminate or term employee between January 1 and December 31, 2017",020,175,Canadian Heritage,Patrimoine canadien
Number of employees,021,747,Public Service Commission of Canada,Commission de la fonction publique du Canada
Number of respondents,021,361,Public Service Commission of Canada,Commission de la fonction publique du Canada
Number of staffing advisors,021,18,Public Service Commission of Canada,Commission de la fonction publique du Canada
Number of managers or supervisors,021,129,Public Service Commission of Canada,Commission de la fonction publique du Canada
"Number of managers who hired or attempted to hire an indeterminate or term employee between January 1 and December 31, 2017",021,77,Public Service Commission of Canada,Commission de la fonction publique du Canada
Number of employees,023,892,Immigration and Refugee Board of Canada,Commission de l’immigration et du statut de réfugié du Canada
Number of respondents,023,343,Immigration and Refugee Board of Canada,Commission de l’immigration et du statut de réfugié du Canada
Number of staffing advisors,023,10,Immigration and Refugee Board of Canada,Commission de l’immigration et du statut de réfugié du Canada
Number of managers or supervisors,023,87,Immigration and Refugee Board of Canada,Commission de l’immigration et du statut de réfugié du Canada
"Number of managers who hired or attempted to hire an indeterminate or term employee between January 1 and December 31, 2017",023,47,Immigration and Refugee Board of Canada,Commission de l’immigration et du statut de réfugié du Canada
Number of employees,024,716,Department of Finance Canada,Ministère des Finances Canada
Number of respondents,024,320,Department of Finance Canada,Ministère des Finances Canada
Number of staffing advisors,024,4,Department of Finance Canada,Ministère des Finances Canada
Number of managers or supervisors,024,76,Department of Finance Canada,Ministère des Finances Canada
"Number of managers who hired or attempted to hire an indeterminate or term employee between January 1 and December 31, 2017",024,48,Department of Finance Canada,Ministère des Finances Canada
Number of employees,025,416,Canadian Grain Commission,Commission canadienne des grains
Number of respondents,025,254,Canadian Grain Commission,Commission canadienne des grains
Number of staffing advisors,025,4,Canadian Grain Commission,Commission canadienne des grains
Number of managers or supervisors,025,94,Canadian Grain Commission,Commission canadienne des grains
"Number of managers who hired or attempted to hire an indeterminate or term employee between January 1 and December 31, 2017",025,36,Canadian Grain Commission,Commission canadienne des grains
Number of employees,026,1831,Treasury Board of Canada Secretariat,Secrétariat du Conseil du Trésor du Canada
Number of respondents,026,869,Treasury Board of Canada Secretariat,Secrétariat du Conseil du Trésor du Canada
Number of staffing advisors,026,8,Treasury Board of Canada Secretariat,Secrétariat du Conseil du Trésor du Canada
Number of managers or supervisors,026,295,Treasury Board of Canada Secretariat,Secrétariat du Conseil du Trésor du Canada
"Number of managers who hired or attempted to hire an indeterminate or term employee between January 1 and December 31, 2017",026,177,Treasury Board of Canada Secretariat,Secrétariat du Conseil du Trésor du Canada
Number of employees,028,936,Privy Council Office,Bureau du Conseil privé
Number of respondents,028,322,Privy Council Office,Bureau du Conseil privé
Number of staffing advisors,028,5,Privy Council Office,Bureau du Conseil privé
Number of managers or supervisors,028,107,Privy Council Office,Bureau du Conseil privé
"Number of managers who hired or attempted to hire an indeterminate or term employee between January 1 and December 31, 2017",028,72,Privy Council Office,Bureau du Conseil privé
Number of employees,030,619,Courts Administration Service,Service administratif des tribunaux judiciaires
Number of respondents,030,258,Courts Administration Service,Service administratif des tribunaux judiciaires
Number of staffing advisors,030,3,Courts Administration Service,Service administratif des tribunaux judiciaires
Number of managers or supervisors,030,60,Courts Administration Service,Service administratif des tribunaux judiciaires
"Number of managers who hired or attempted to hire an indeterminate or term employee between January 1 and December 31, 2017",030,34,Courts Administration Service,Service administratif des tribunaux judiciaires
Number of employees,031,444,Canadian Radio-television and Telecommunications Commission,Conseil de la radiodiffusion et des télécommunications canadiennes
Number of respondents,031,223,Canadian Radio-television and Telecommunications Commission,Conseil de la radiodiffusion et des télécommunications canadiennes
Number of staffing advisors,031,3,Canadian Radio-television and Telecommunications Commission,Conseil de la radiodiffusion et des télécommunications canadiennes
Number of managers or supervisors,031,93,Canadian Radio-television and Telecommunications Commission,Conseil de la radiodiffusion et des télécommunications canadiennes
"Number of managers who hired or attempted to hire an indeterminate or term employee between January 1 and December 31, 2017",031,53,Canadian Radio-television and Telecommunications Commission,Conseil de la radiodiffusion et des télécommunications canadiennes
Number of employees,032,570,Atlantic Canada Opportunities Agency,Agence de promotion économique du Canada atlantique
Number of respondents,032,303,Atlantic Canada Opportunities Agency,Agence de promotion économique du Canada atlantique
Number of staffing advisors,032,2,Atlantic Canada Opportunities Agency,Agence de promotion économique du Canada atlantique
Number of managers or supervisors,032,99,Atlantic Canada Opportunities Agency,Agence de promotion économique du Canada atlantique
"Number of managers who hired or attempted to hire an indeterminate or term employee between January 1 and December 31, 2017",032,48,Atlantic Canada Opportunities Agency,Agence de promotion économique du Canada atlantique
Number of employees,033,620,Canadian Space Agency,Agence spatiale canadienne
Number of respondents,033,307,Canadian Space Agency,Agence spatiale canadienne
Number of staffing advisors,033,3,Canadian Space Agency,Agence spatiale canadienne
Number of managers or supervisors,033,120,Canadian Space Agency,Agence spatiale canadienne
"Number of managers who hired or attempted to hire an indeterminate or term employee between January 1 and December 31, 2017",033,71,Canadian Space Agency,Agence spatiale canadienne
Number of employees,034,310,Canada Economic Development for Québec Regions,Développement économique Canada pour les régions du Québec
Number of respondents,034,147,Canada Economic Development for Québec Regions,Développement économique Canada pour les régions du Québec
Number of staffing advisors,034,2,Canada Economic Development for Québec Regions,Développement économique Canada pour les régions du Québec
Number of managers or supervisors,034,54,Canada Economic Development for Québec Regions,Développement économique Canada pour les régions du Québec
"Number of managers who hired or attempted to hire an indeterminate or term employee between January 1 and December 31, 2017",034,28,Canada Economic Development for Québec Regions,Développement économique Canada pour les régions du Québec
Number of employees,036,398,Parole Board of Canada,Commission des libérations conditionnelles du Canada
Number of respondents,036,193,Parole Board of Canada,Commission des libérations conditionnelles du Canada
Number of staffing advisors,036,3,Parole Board of Canada,Commission des libérations conditionnelles du Canada
Number of managers or supervisors,036,51,Parole Board of Canada,Commission des libérations conditionnelles du Canada
"Number of managers who hired or attempted to hire an indeterminate or term employee between January 1 and December 31, 2017",036,27,Parole Board of Canada,Commission des libérations conditionnelles du Canada
Number of employees,039,212,Transportation Safety Board of Canada,Bureau de la sécurité des transports du Canada
Number of respondents,039,105,Transportation Safety Board of Canada,Bureau de la sécurité des transports du Canada
Number of staffing advisors,039,1,Transportation Safety Board of Canada,Bureau de la sécurité des transports du Canada
Number of managers or supervisors,039,30,Transportation Safety Board of Canada,Bureau de la sécurité des transports du Canada
"Number of managers who hired or attempted to hire an indeterminate or term employee between January 1 and December 31, 2017",039,13,Transportation Safety Board of Canada,Bureau de la sécurité des transports du Canada
Number of employees,041,179,Canadian Human Rights Commission,Commission canadienne des droits de la personne
Number of respondents,041,88,Canadian Human Rights Commission,Commission canadienne des droits de la personne
Number of staffing advisors,041,2,Canadian Human Rights Commission,Commission canadienne des droits de la personne
Number of managers or supervisors,041,30,Canadian Human Rights Commission,Commission canadienne des droits de la personne
"Number of managers who hired or attempted to hire an indeterminate or term employee between January 1 and December 31, 2017",041,17,Canadian Human Rights Commission,Commission canadienne des droits de la personne
Number of employees,042,144,Office of the Commissioner of Official Languages,Commissariat aux langues officielles
Number of respondents,042,72,Office of the Commissioner of Official Languages,Commissariat aux langues officielles
Number of staffing advisors,042,0,Office of the Commissioner of Official Languages,Commissariat aux langues officielles
Number of managers or supervisors,042,26,Office of the Commissioner of Official Languages,Commissariat aux langues officielles
"Number of managers who hired or attempted to hire an indeterminate or term employee between January 1 and December 31, 2017",042,15,Office of the Commissioner of Official Languages,Commissariat aux langues officielles
Number of employees,043,260,Western Economic Diversification Canada,Diversification de l'économie de l'Ouest Canada
Number of respondents,043,144,Western Economic Diversification Canada,Diversification de l'économie de l'Ouest Canada
Number of staffing advisors,043,4,Western Economic Diversification Canada,Diversification de l'économie de l'Ouest Canada
Number of managers or supervisors,043,49,Western Economic Diversification Canada,Diversification de l'économie de l'Ouest Canada
"Number of managers who hired or attempted to hire an indeterminate or term employee between January 1 and December 31, 2017",043,29,Western Economic Diversification Canada,Diversification de l'économie de l'Ouest Canada
Number of employees,044,202,Supreme Court of Canada,Cour suprême du Canada
Number of respondents,044,78,Supreme Court of Canada,Cour suprême du Canada
Number of staffing advisors,044,1,Supreme Court of Canada,Cour suprême du Canada
Number of managers or supervisors,044,21,Supreme Court of Canada,Cour suprême du Canada
"Number of managers who hired or attempted to hire an indeterminate or term employee between January 1 and December 31, 2017",044,8,Supreme Court of Canada,Cour suprême du Canada
Number of employees,046,970,Public Prosecution Service of Canada,Service des poursuites pénales du Canada
Number of respondents,046,478,Public Prosecution Service of Canada,Service des poursuites pénales du Canada
Number of staffing advisors,046,3,Public Prosecution Service of Canada,Service des poursuites pénales du Canada
Number of managers or supervisors,046,92,Public Prosecution Service of Canada,Service des poursuites pénales du Canada
"Number of managers who hired or attempted to hire an indeterminate or term employee between January 1 and December 31, 2017",046,41,Public Prosecution Service of Canada,Service des poursuites pénales du Canada
Number of employees,047,258,Canadian Environmental Assessment Agency,Agence canadienne d’évaluation environnementale
Number of respondents,047,138,Canadian Environmental Assessment Agency,Agence canadienne d’évaluation environnementale
Number of staffing advisors,047,3,Canadian Environmental Assessment Agency,Agence canadienne d’évaluation environnementale
Number of managers or supervisors,047,39,Canadian Environmental Assessment Agency,Agence canadienne d’évaluation environnementale
"Number of managers who hired or attempted to hire an indeterminate or term employee between January 1 and December 31, 2017",047,24,Canadian Environmental Assessment Agency,Agence canadienne d’évaluation environnementale
Number of employees,053,1033,Public Safety Canada,Sécurité publique Canada
Number of respondents,053,485,Public Safety Canada,Sécurité publique Canada
Number of staffing advisors,053,7,Public Safety Canada,Sécurité publique Canada
Number of managers or supervisors,053,175,Public Safety Canada,Sécurité publique Canada
"Number of managers who hired or attempted to hire an indeterminate or term employee between January 1 and December 31, 2017",053,100,Public Safety Canada,Sécurité publique Canada
Number of employees,054,207,Canadian Transportation Agency,Office des transports du Canada
Number of respondents,054,114,Canadian Transportation Agency,Office des transports du Canada
Number of staffing advisors,054,1,Canadian Transportation Agency,Office des transports du Canada
Number of managers or supervisors,054,34,Canadian Transportation Agency,Office des transports du Canada
"Number of managers who hired or attempted to hire an indeterminate or term employee between January 1 and December 31, 2017",054,24,Canadian Transportation Agency,Office des transports du Canada
Number of employees,063,676,Office of the Superintendent of Financial Institutions Canada,Bureau du surintendant des institutions financières Canada
Number of respondents,063,276,Office of the Superintendent of Financial Institutions Canada,Bureau du surintendant des institutions financières Canada
Number of staffing advisors,063,1,Office of the Superintendent of Financial Institutions Canada,Bureau du surintendant des institutions financières Canada
Number of managers or supervisors,063,95,Office of the Superintendent of Financial Institutions Canada,Bureau du surintendant des institutions financières Canada
"Number of managers who hired or attempted to hire an indeterminate or term employee between January 1 and December 31, 2017",063,51,Office of the Superintendent of Financial Institutions Canada,Bureau du surintendant des institutions financières Canada
Number of employees,070,1951,Public Health Agency of Canada,Agence de la santé publique du Canada
Number of respondents,070,861,Public Health Agency of Canada,Agence de la santé publique du Canada
Number of staffing advisors,070,0,Public Health Agency of Canada,Agence de la santé publique du Canada
Number of managers or supervisors,070,293,Public Health Agency of Canada,Agence de la santé publique du Canada
"Number of managers who hired or attempted to hire an indeterminate or term employee between January 1 and December 31, 2017",070,152,Public Health Agency of Canada,Agence de la santé publique du Canada
Number of employees,073,175,Office of the Secretary to the Governor General,Bureau du secrétaire du gouverneur général
Number of respondents,073,70,Office of the Secretary to the Governor General,Bureau du secrétaire du gouverneur général
Number of staffing advisors,073,1,Office of the Secretary to the Governor General,Bureau du secrétaire du gouverneur général
Number of managers or supervisors,073,22,Office of the Secretary to the Governor General,Bureau du secrétaire du gouverneur général
"Number of managers who hired or attempted to hire an indeterminate or term employee between January 1 and December 31, 2017",073,10,Office of the Secretary to the Governor General,Bureau du secrétaire du gouverneur général
Number of employees,074,902,Library and Archives Canada,Bibliothèque et Archives Canada
Number of respondents,074,520,Library and Archives Canada,Bibliothèque et Archives Canada
Number of staffing advisors,074,3,Library and Archives Canada,Bibliothèque et Archives Canada
Number of managers or supervisors,074,130,Library and Archives Canada,Bibliothèque et Archives Canada
"Number of managers who hired or attempted to hire an indeterminate or term employee between January 1 and December 31, 2017",074,74,Library and Archives Canada,Bibliothèque et Archives Canada
Number of employees,075,428,National Energy Board,Office national de l'énergie
Number of respondents,075,228,National Energy Board,Office national de l'énergie
Number of staffing advisors,075,0,National Energy Board,Office national de l'énergie
Number of managers or supervisors,075,47,National Energy Board,Office national de l'énergie
"Number of managers who hired or attempted to hire an indeterminate or term employee between January 1 and December 31, 2017",075,25,National Energy Board,Office national de l'énergie
Number of employees,078,519,Canada School of Public Service,École de la fonction publique du Canada
Number of respondents,078,237,Canada School of Public Service,École de la fonction publique du Canada
Number of staffing advisors,078,5,Canada School of Public Service,École de la fonction publique du Canada
Number of managers or supervisors,078,89,Canada School of Public Service,École de la fonction publique du Canada
"Number of managers who hired or attempted to hire an indeterminate or term employee between January 1 and December 31, 2017",078,60,Canada School of Public Service,École de la fonction publique du Canada
Number of employees,080,173,Office of the Privacy Commissioner of Canada,Commissariat à la protection de la vie privée du Canada
Number of respondents,080,79,Office of the Privacy Commissioner of Canada,Commissariat à la protection de la vie privée du Canada
Number of staffing advisors,080,1,Office of the Privacy Commissioner of Canada,Commissariat à la protection de la vie privée du Canada
Number of managers or supervisors,080,30,Office of the Privacy Commissioner of Canada,Commissariat à la protection de la vie privée du Canada
"Number of managers who hired or attempted to hire an indeterminate or term employee between January 1 and December 31, 2017",080,14,Office of the Privacy Commissioner of Canada,Commissariat à la protection de la vie privée du Canada
Number of employees,082,388,Infrastructure Canada,Infrastructure Canada
Number of respondents,082,176,Infrastructure Canada,Infrastructure Canada
Number of staffing advisors,082,1,Infrastructure Canada,Infrastructure Canada
Number of managers or supervisors,082,57,Infrastructure Canada,Infrastructure Canada
"Number of managers who hired or attempted to hire an indeterminate or term employee between January 1 and December 31, 2017",082,46,Infrastructure Canada,Infrastructure Canada
Number of employees,083,12868,Canada Border Services Agency,Agence des services frontaliers du Canada
Number of respondents,083,5418,Canada Border Services Agency,Agence des services frontaliers du Canada
Number of staffing advisors,083,32,Canada Border Services Agency,Agence des services frontaliers du Canada
Number of managers or supervisors,083,1136,Canada Border Services Agency,Agence des services frontaliers du Canada
"Number of managers who hired or attempted to hire an indeterminate or term employee between January 1 and December 31, 2017",083,361,Canada Border Services Agency,Agence des services frontaliers du Canada
Number of employees,091,480,Administrative Tribunals Support Service of Canada,Service canadien d’appui aux tribunaux administratifs
Number of respondents,091,233,Administrative Tribunals Support Service of Canada,Service canadien d’appui aux tribunaux administratifs
Number of staffing advisors,091,2,Administrative Tribunals Support Service of Canada,Service canadien d’appui aux tribunaux administratifs
Number of managers or supervisors,091,63,Administrative Tribunals Support Service of Canada,Service canadien d’appui aux tribunaux administratifs
"Number of managers who hired or attempted to hire an indeterminate or term employee between January 1 and December 31, 2017",091,37,Administrative Tribunals Support Service of Canada,Service canadien d’appui aux tribunaux administratifs
Number of employees,093,207,Federal Economic Development Agency for Southern Ontario,Agence fédérale de développement économique pour le Sud de l'Ontario
Number of respondents,093,110,Federal Economic Development Agency for Southern Ontario,Agence fédérale de développement économique pour le Sud de l'Ontario
Number of staffing advisors,093,5,Federal Economic Development Agency for Southern Ontario,Agence fédérale de développement économique pour le Sud de l'Ontario
Number of managers or supervisors,093,34,Federal Economic Development Agency for Southern Ontario,Agence fédérale de développement économique pour le Sud de l'Ontario
"Number of managers who hired or attempted to hire an indeterminate or term employee between January 1 and December 31, 2017",093,16,Federal Economic Development Agency for Southern Ontario,Agence fédérale de développement économique pour le Sud de l'Ontario
Number of employees,094,5290,Shared Services Canada,Services partagés Canada
Number of respondents,094,2540,Shared Services Canada,Services partagés Canada
Number of staffing advisors,094,15,Shared Services Canada,Services partagés Canada
Number of managers or supervisors,094,886,Shared Services Canada,Services partagés Canada
"Number of managers who hired or attempted to hire an indeterminate or term employee between January 1 and December 31, 2017",094,473,Shared Services Canada,Services partagés Canada
Number of employees,097,21,Office of the Commissioner of Canada Elections,Bureau du commissaire aux élections fédérales
Number of respondents,097,12,Office of the Commissioner of Canada Elections,Bureau du commissaire aux élections fédérales
Number of staffing advisors,097,0,Office of the Commissioner of Canada Elections,Bureau du commissaire aux élections fédérales
Number of managers or supervisors,097,3,Office of the Commissioner of Canada Elections,Bureau du commissaire aux élections fédérales
"Number of managers who hired or attempted to hire an indeterminate or term employee between January 1 and December 31, 2017",097,3,Office of the Commissioner of Canada Elections,Bureau du commissaire aux élections fédérales
Number of employees,098,407,Office of the Superintendent of Bankruptcy of Canada,Bureau du surintendant des faillites Canada
Number of respondents,098,202,Office of the Superintendent of Bankruptcy of Canada,Bureau du surintendant des faillites Canada
Number of staffing advisors,098,0,Office of the Superintendent of Bankruptcy of Canada,Bureau du surintendant des faillites Canada
Number of managers or supervisors,098,43,Office of the Superintendent of Bankruptcy of Canada,Bureau du surintendant des faillites Canada
"Number of managers who hired or attempted to hire an indeterminate or term employee between January 1 and December 31, 2017",098,23,Office of the Superintendent of Bankruptcy of Canada,Bureau du surintendant des faillites Canada
Number of employees,101,25,Military Police Complaints Commission of Canada,Commission d’examen des plaintes concernant la police militaire du Canada
Number of respondents,101,14,Military Police Complaints Commission of Canada,Commission d’examen des plaintes concernant la police militaire du Canada
Number of staffing advisors,101,0,Military Police Complaints Commission of Canada,Commission d’examen des plaintes concernant la police militaire du Canada
Number of managers or supervisors,101,6,Military Police Complaints Commission of Canada,Commission d’examen des plaintes concernant la police militaire du Canada
"Number of managers who hired or attempted to hire an indeterminate or term employee between January 1 and December 31, 2017",101,3,Military Police Complaints Commission of Canada,Commission d’examen des plaintes concernant la police militaire du Canada
Number of employees,103,21,Canadian Intergovernmental Conference Secretariat,Secrétariat des conférences intergouvernementales canadiennes
Number of respondents,103,10,Canadian Intergovernmental Conference Secretariat,Secrétariat des conférences intergouvernementales canadiennes
Number of staffing advisors,103,0,Canadian Intergovernmental Conference Secretariat,Secrétariat des conférences intergouvernementales canadiennes
Number of managers or supervisors,103,3,Canadian Intergovernmental Conference Secretariat,Secrétariat des conférences intergouvernementales canadiennes
"Number of managers who hired or attempted to hire an indeterminate or term employee between January 1 and December 31, 2017",103,2,Canadian Intergovernmental Conference Secretariat,Secrétariat des conférences intergouvernementales canadiennes
Number of employees,105,13,Copyright Board of Canada,Commission du droit d'auteur du Canada
Number of respondents,105,9,Copyright Board of Canada,Commission du droit d'auteur du Canada
Number of staffing advisors,105,0,Copyright Board of Canada,Commission du droit d'auteur du Canada
Number of managers or supervisors,105,3,Copyright Board of Canada,Commission du droit d'auteur du Canada
"Number of managers who hired or attempted to hire an indeterminate or term employee between January 1 and December 31, 2017",105,2,Copyright Board of Canada,Commission du droit d'auteur du Canada
Number of employees,107,34,International Joint Commission,Commission mixte internationale
Number of respondents,107,16,International Joint Commission,Commission mixte internationale
Number of staffing advisors,107,0,International Joint Commission,Commission mixte internationale
Number of managers or supervisors,107,7,International Joint Commission,Commission mixte internationale
"Number of managers who hired or attempted to hire an indeterminate or term employee between January 1 and December 31, 2017",107,2,International Joint Commission,Commission mixte internationale
Number of employees,109,16,Farm Products Council of Canada,Conseil des produits agricoles du Canada
Number of respondents,109,10,Farm Products Council of Canada,Conseil des produits agricoles du Canada
Number of staffing advisors,109,0,Farm Products Council of Canada,Conseil des produits agricoles du Canada
Number of managers or supervisors,109,2,Farm Products Council of Canada,Conseil des produits agricoles du Canada
"Number of managers who hired or attempted to hire an indeterminate or term employee between January 1 and December 31, 2017",109,0,Farm Products Council of Canada,Conseil des produits agricoles du Canada
Number of employees,110,59,Office of the Commissioner for Federal Judicial Affairs Canada,Commissariat à la magistrature fédérale Canada
Number of respondents,110,23,Office of the Commissioner for Federal Judicial Affairs Canada,Commissariat à la magistrature fédérale Canada
Number of staffing advisors,110,0,Office of the Commissioner for Federal Judicial Affairs Canada,Commissariat à la magistrature fédérale Canada
Number of managers or supervisors,110,9,Office of the Commissioner for Federal Judicial Affairs Canada,Commissariat à la magistrature fédérale Canada
"Number of managers who hired or attempted to hire an indeterminate or term employee between January 1 and December 31, 2017",110,3,Office of the Commissioner for Federal Judicial Affairs Canada,Commissariat à la magistrature fédérale Canada
Number of employees,111,68,Patented Medicine Prices Review Board of Canada,Conseil d'examen du prix des médicaments brevetés
Number of respondents,111,28,Patented Medicine Prices Review Board of Canada,Conseil d'examen du prix des médicaments brevetés
Number of staffing advisors,111,1,Patented Medicine Prices Review Board of Canada,Conseil d'examen du prix des médicaments brevetés
Number of managers or supervisors,111,8,Patented Medicine Prices Review Board of Canada,Conseil d'examen du prix des médicaments brevetés
"Number of managers who hired or attempted to hire an indeterminate or term employee between January 1 and December 31, 2017",111,4,Patented Medicine Prices Review Board of Canada,Conseil d'examen du prix des médicaments brevetés
Number of employees,114,56,Civilian Review and Complaints Commission for the RCMP,Commission civile d’examen et de traitement des plaintes relatives à la GRC
Number of respondents,114,27,Civilian Review and Complaints Commission for the RCMP,Commission civile d’examen et de traitement des plaintes relatives à la GRC
Number of staffing advisors,114,1,Civilian Review and Complaints Commission for the RCMP,Commission civile d’examen et de traitement des plaintes relatives à la GRC
Number of managers or supervisors,114,9,Civilian Review and Complaints Commission for the RCMP,Commission civile d’examen et de traitement des plaintes relatives à la GRC
"Number of managers who hired or attempted to hire an indeterminate or term employee between January 1 and December 31, 2017",114,4,Civilian Review and Complaints Commission for the RCMP,Commission civile d’examen et de traitement des plaintes relatives à la GRC
Number of employees,119,34,Military Grievances External Review Committee,Comité externe d’examen des griefs militaires
Number of respondents,119,22,Military Grievances External Review Committee,Comité externe d’examen des griefs militaires
Number of staffing advisors,119,1,Military Grievances External Review Committee,Comité externe d’examen des griefs militaires
Number of managers or supervisors,119,11,Military Grievances External Review Committee,Comité externe d’examen des griefs militaires
"Number of managers who hired or attempted to hire an indeterminate or term employee between January 1 and December 31, 2017",119,3,Military Grievances External Review Committee,Comité externe d’examen des griefs militaires
Number of employees,125,9,RCMP External Review Committee,Comité externe d'examen de la GRC
Number of respondents,125,5,RCMP External Review Committee,Comité externe d'examen de la GRC
Number of staffing advisors,125,0,RCMP External Review Committee,Comité externe d'examen de la GRC
Number of managers or supervisors,125,1,RCMP External Review Committee,Comité externe d'examen de la GRC
"Number of managers who hired or attempted to hire an indeterminate or term employee between January 1 and December 31, 2017",125,1,RCMP External Review Committee,Comité externe d'examen de la GRC
Number of employees,128,587,Office of the Chief Electoral Officer,Bureau du Directeur général des élections
Number of respondents,128,289,Office of the Chief Electoral Officer,Bureau du Directeur général des élections
Number of staffing advisors,128,1,Office of the Chief Electoral Officer,Bureau du Directeur général des élections
Number of managers or supervisors,128,123,Office of the Chief Electoral Officer,Bureau du Directeur général des élections
"Number of managers who hired or attempted to hire an indeterminate or term employee between January 1 and December 31, 2017",128,67,Office of the Chief Electoral Officer,Bureau du Directeur général des élections
Number of employees,130,90,Financial Consumer Agency of Canada,Agence de la consommation en matière financière du Canada
Number of respondents,130,53,Financial Consumer Agency of Canada,Agence de la consommation en matière financière du Canada
Number of staffing advisors,130,0,Financial Consumer Agency of Canada,Agence de la consommation en matière financière du Canada
Number of managers or supervisors,130,12,Financial Consumer Agency of Canada,Agence de la consommation en matière financière du Canada
"Number of managers who hired or attempted to hire an indeterminate or term employee between January 1 and December 31, 2017",130,11,Financial Consumer Agency of Canada,Agence de la consommation en matière financière du Canada
Number of employees,139,26,Office of the Commissioner of Lobbying of Canada,Commissariat au lobbying du Canada
Number of respondents,139,18,Office of the Commissioner of Lobbying of Canada,Commissariat au lobbying du Canada
Number of staffing advisors,139,0,Office of the Commissioner of Lobbying of Canada,Commissariat au lobbying du Canada
Number of managers or supervisors,139,7,Office of the Commissioner of Lobbying of Canada,Commissariat au lobbying du Canada
"Number of managers who hired or attempted to hire an indeterminate or term employee between January 1 and December 31, 2017",139,7,Office of the Commissioner of Lobbying of Canada,Commissariat au lobbying du Canada
Number of employees,140,114,Status of Women Canada,Condition féminine Canada
Number of respondents,140,44,Status of Women Canada,Condition féminine Canada
Number of staffing advisors,140,0,Status of Women Canada,Condition féminine Canada
Number of managers or supervisors,140,19,Status of Women Canada,Condition féminine Canada
"Number of managers who hired or attempted to hire an indeterminate or term employee between January 1 and December 31, 2017",140,14,Status of Women Canada,Condition féminine Canada
Number of employees,143,24,Office of the Public Sector Integrity Commissioner of Canada,Commissariat à l'intégrité du secteur public du Canada
Number of respondents,143,12,Office of the Public Sector Integrity Commissioner of Canada,Commissariat à l'intégrité du secteur public du Canada
Number of staffing advisors,143,0,Office of the Public Sector Integrity Commissioner of Canada,Commissariat à l'intégrité du secteur public du Canada
Number of managers or supervisors,143,8,Office of the Public Sector Integrity Commissioner of Canada,Commissariat à l'intégrité du secteur public du Canada
"Number of managers who hired or attempted to hire an indeterminate or term employee between January 1 and December 31, 2017",143,2,Office of the Public Sector Integrity Commissioner of Canada,Commissariat à l'intégrité du secteur public du Canada
Number of employees,144,72,Canadian Northern Economic Development Agency,Agence canadienne de développement économique du Nord
Number of respondents,144,35,Canadian Northern Economic Development Agency,Agence canadienne de développement économique du Nord
Number of staffing advisors,144,0,Canadian Northern Economic Development Agency,Agence canadienne de développement économique du Nord
Number of managers or supervisors,144,17,Canadian Northern Economic Development Agency,Agence canadienne de développement économique du Nord
"Number of managers who hired or attempted to hire an indeterminate or term employee between January 1 and December 31, 2017",144,5,Canadian Northern Economic Development Agency,Agence canadienne de développement économique du Nord
Number of employees,147,33,Office of the Correctional Investigator,Bureau de l'enquêteur correctionnel
Number of respondents,147,20,Office of the Correctional Investigator,Bureau de l'enquêteur correctionnel
Number of staffing advisors,147,0,Office of the Correctional Investigator,Bureau de l'enquêteur correctionnel
Number of managers or supervisors,147,7,Office of the Correctional Investigator,Bureau de l'enquêteur correctionnel
"Number of managers who hired or attempted to hire an indeterminate or term employee between January 1 and December 31, 2017",147,2,Office of the Correctional Investigator,Bureau de l'enquêteur correctionnel
Number of employees,149,81,Indian Oil and Gas Canada,Pétrole et gaz des Indiens du Canada
Number of respondents,149,52,Indian Oil and Gas Canada,Pétrole et gaz des Indiens du Canada
Number of staffing advisors,149,0,Indian Oil and Gas Canada,Pétrole et gaz des Indiens du Canada
Number of managers or supervisors,149,21,Indian Oil and Gas Canada,Pétrole et gaz des Indiens du Canada
"Number of managers who hired or attempted to hire an indeterminate or term employee between January 1 and December 31, 2017",149,10,Indian Oil and Gas Canada,Pétrole et gaz des Indiens du Canada
Number of employees,150,80,Veterans Review and Appeal Board,Tribunal des anciens combattants (révision et appel)
Number of respondents,150,39,Veterans Review and Appeal Board,Tribunal des anciens combattants (révision et appel)
Number of staffing advisors,150,0,Veterans Review and Appeal Board,Tribunal des anciens combattants (révision et appel)
Number of managers or supervisors,150,14,Veterans Review and Appeal Board,Tribunal des anciens combattants (révision et appel)
"Number of managers who hired or attempted to hire an indeterminate or term employee between January 1 and December 31, 2017",150,3,Veterans Review and Appeal Board,Tribunal des anciens combattants (révision et appel)
Number of employees,151,74,Office of the Information Commissioner of Canada,Commissariat à l'information du Canada
Number of respondents,151,19,Office of the Information Commissioner of Canada,Commissariat à l'information du Canada
Number of staffing advisors,151,0,Office of the Information Commissioner of Canada,Commissariat à l'information du Canada
Number of managers or supervisors,151,5,Office of the Information Commissioner of Canada,Commissariat à l'information du Canada
"Number of managers who hired or attempted to hire an indeterminate or term employee between January 1 and December 31, 2017",151,3,Office of the Information Commissioner of Canada,Commissariat à l'information du Canada
